employee_id,name,department,title,salary,years_experience,hire_date,email
3001,Alice Smith,Engineering,Engineer,110022,3,2021-04-19,alice.smith3001@company.com
3002,Bob Johnson,Marketing,Manager,78692,2,2023-07-05,bob.johnson3002@company.com
3003,Carol Williams,Sales,Analyst,149284,25,2010-02-03,carol.williams3003@company.com
3004,David Brown,HR,Director,70555,12,2019-09-18,david.brown3004@company.com
3005,Eve Jones,Finance,Coordinator,83027,28,2015-05-12,eve.jones3005@company.com
3006,Frank Garcia,Operations,Specialist,142757,29,2022-08-21,frank.garcia3006@company.com
3007,Grace Miller,Legal,Associate,79378,0,2018-10-04,grace.miller3007@company.com
3008,Hank Davis,Support,Lead,138090,16,2017-11-06,hank.davis3008@company.com
3009,Iris Wilson,Design,Intern,146240,5,2020-11-19,iris.wilson3009@company.com
3010,Jack Moore,Product,Consultant,40468,20,2017-12-06,jack.moore3010@company.com
3011,Karen Taylor,Engineering,Engineer,56380,9,2021-12-28,karen.taylor3011@company.com
3012,Leo Anderson,Marketing,Manager,63195,21,2019-04-22,leo.anderson3012@company.com
3013,Mia Thomas,Sales,Analyst,108703,8,2014-02-12,mia.thomas3013@company.com
3014,Nate Jackson,HR,Director,122659,17,2016-11-09,nate.jackson3014@company.com
3015,Olivia White,Finance,Coordinator,52467,6,2016-12-16,olivia.white3015@company.com
3016,Paul Harris,Operations,Specialist,107556,25,2017-07-04,paul.harris3016@company.com
3017,Quinn Martin,Legal,Associate,65293,27,2020-04-17,quinn.martin3017@company.com
3018,Rachel Thompson,Support,Lead,124888,1,2022-04-06,rachel.thompson3018@company.com
3019,Sam Young,Design,Intern,138296,29,2012-11-16,sam.young3019@company.com
3020,Tina Allen,Product,Consultant,97935,14,2020-08-08,tina.allen3020@company.com
3021,Alice Smith,Engineering,Engineer,45650,21,2015-06-28,alice.smith3021@company.com
3022,Bob Johnson,Marketing,Manager,69058,2,2019-10-11,bob.johnson3022@company.com
3023,Carol Williams,Sales,Analyst,134088,21,2013-11-15,carol.williams3023@company.com
3024,David Brown,HR,Director,62498,20,2012-05-09,david.brown3024@company.com
3025,Eve Jones,Finance,Coordinator,57140,12,2023-09-19,eve.jones3025@company.com
3026,Frank Garcia,Operations,Specialist,82498,19,2019-03-28,frank.garcia3026@company.com
3027,Grace Miller,Legal,Associate,48644,7,2015-10-05,grace.miller3027@company.com
3028,Hank Davis,Support,Lead,87214,27,2015-11-17,hank.davis3028@company.com
3029,Iris Wilson,Design,Intern,126998,3,2015-04-12,iris.wilson3029@company.com
3030,Jack Moore,Product,Consultant,62874,11,2018-06-07,jack.moore3030@company.com
3031,Karen Taylor,Engineering,Engineer,59833,1,2010-01-08,karen.taylor3031@company.com
3032,Leo Anderson,Marketing,Manager,122944,28,2019-03-24,leo.anderson3032@company.com
3033,Mia Thomas,Sales,Analyst,48206,20,2011-01-10,mia.thomas3033@company.com
3034,Nate Jackson,HR,Director,114135,18,2017-02-27,nate.jackson3034@company.com
3035,Olivia White,Finance,Coordinator,132926,6,2021-01-06,olivia.white3035@company.com
3036,Paul Harris,Operations,Specialist,129946,22,2015-05-14,paul.harris3036@company.com
3037,Quinn Martin,Legal,Associate,125065,21,2017-03-03,quinn.martin3037@company.com
3038,Rachel Thompson,Support,Lead,84123,16,2021-07-17,rachel.thompson3038@company.com
3039,Sam Young,Design,Intern,56382,27,2014-11-20,sam.young3039@company.com
3040,Tina Allen,Product,Consultant,62819,15,2021-02-18,tina.allen3040@company.com
3041,Alice Smith,Engineering,Engineer,63797,3,2016-04-04,alice.smith3041@company.com
3042,Bob Johnson,Marketing,Manager,120453,21,2021-08-05,bob.johnson3042@company.com
3043,Carol Williams,Sales,Analyst,118552,21,2015-04-26,carol.williams3043@company.com
3044,David Brown,HR,Director,52021,3,2011-12-03,david.brown3044@company.com
3045,Eve Jones,Finance,Coordinator,69164,13,2021-02-10,eve.jones3045@company.com
3046,Frank Garcia,Operations,Specialist,102720,19,2021-01-12,frank.garcia3046@company.com
3047,Grace Miller,Legal,Associate,136241,18,2022-11-28,grace.miller3047@company.com
3048,Hank Davis,Support,Lead,128889,15,2014-05-16,hank.davis3048@company.com
3049,Iris Wilson,Design,Intern,129112,14,2017-02-19,iris.wilson3049@company.com
3050,Jack Moore,Product,Consultant,53972,14,2011-07-07,jack.moore3050@company.com
3051,Karen Taylor,Engineering,Engineer,113881,28,2010-11-09,karen.taylor3051@company.com
3052,Leo Anderson,Marketing,Manager,128803,22,2021-08-26,leo.anderson3052@company.com
3053,Mia Thomas,Sales,Analyst,31737,5,2011-07-02,mia.thomas3053@company.com
3054,Nate Jackson,HR,Director,75184,9,2012-09-04,nate.jackson3054@company.com
3055,Olivia White,Finance,Coordinator,90966,26,2023-08-27,olivia.white3055@company.com
3056,Paul Harris,Operations,Specialist,114983,23,2022-08-06,paul.harris3056@company.com
3057,Quinn Martin,Legal,Associate,121616,29,2016-06-14,quinn.martin3057@company.com
3058,Rachel Thompson,Support,Lead,71282,7,2023-05-08,rachel.thompson3058@company.com
3059,Sam Young,Design,Intern,102391,25,2014-02-21,sam.young3059@company.com
3060,Tina Allen,Product,Consultant,102059,10,2018-11-10,tina.allen3060@company.com
3061,Alice Smith,Engineering,Engineer,73320,18,2016-12-05,alice.smith3061@company.com
3062,Bob Johnson,Marketing,Manager,74808,21,2011-10-13,bob.johnson3062@company.com
3063,Carol Williams,Sales,Analyst,79721,3,2013-08-01,carol.williams3063@company.com
3064,David Brown,HR,Director,118749,16,2010-10-24,david.brown3064@company.com
3065,Eve Jones,Finance,Coordinator,61917,20,2010-06-16,eve.jones3065@company.com
3066,Frank Garcia,Operations,Specialist,30694,17,2012-01-13,frank.garcia3066@company.com
3067,Grace Miller,Legal,Associate,51987,24,2023-01-20,grace.miller3067@company.com
3068,Hank Davis,Support,Lead,113643,29,2010-12-15,hank.davis3068@company.com
3069,Iris Wilson,Design,Intern,124270,8,2020-10-12,iris.wilson3069@company.com
3070,Jack Moore,Product,Consultant,48545,8,2021-08-22,jack.moore3070@company.com
3071,Karen Taylor,Engineering,Engineer,120808,29,2022-07-19,karen.taylor3071@company.com
3072,Leo Anderson,Marketing,Manager,56458,17,2020-10-16,leo.anderson3072@company.com
3073,Mia Thomas,Sales,Analyst,119646,0,2012-03-23,mia.thomas3073@company.com
3074,Nate Jackson,HR,Director,58763,6,2019-04-26,nate.jackson3074@company.com
3075,Olivia White,Finance,Coordinator,89593,5,2019-06-23,olivia.white3075@company.com
3076,Paul Harris,Operations,Specialist,105737,25,2021-05-25,paul.harris3076@company.com
3077,Quinn Martin,Legal,Associate,127828,14,2018-03-25,quinn.martin3077@company.com
3078,Rachel Thompson,Support,Lead,53461,10,2018-02-15,rachel.thompson3078@company.com
3079,Sam Young,Design,Intern,119998,1,2011-12-25,sam.young3079@company.com
3080,Tina Allen,Product,Consultant,109207,1,2021-11-11,tina.allen3080@company.com
3081,Alice Smith,Engineering,Engineer,88321,14,2013-05-08,alice.smith3081@company.com
3082,Bob Johnson,Marketing,Manager,53043,2,2022-12-25,bob.johnson3082@company.com
3083,Carol Williams,Sales,Analyst,101642,16,2018-05-09,carol.williams3083@company.com
3084,David Brown,HR,Director,65016,24,2011-03-20,david.brown3084@company.com
3085,Eve Jones,Finance,Coordinator,104525,1,2020-08-19,eve.jones3085@company.com
3086,Frank Garcia,Operations,Specialist,120210,15,2010-04-18,frank.garcia3086@company.com
3087,Grace Miller,Legal,Associate,35573,18,2011-02-15,grace.miller3087@company.com
3088,Hank Davis,Support,Lead,116936,8,2012-04-13,hank.davis3088@company.com
3089,Iris Wilson,Design,Intern,112275,7,2011-02-07,iris.wilson3089@company.com
3090,Jack Moore,Product,Consultant,124488,24,2019-04-23,jack.moore3090@company.com
3091,Karen Taylor,Engineering,Engineer,119587,13,2018-04-26,karen.taylor3091@company.com
3092,Leo Anderson,Marketing,Manager,112745,27,2015-03-20,leo.anderson3092@company.com
3093,Mia Thomas,Sales,Analyst,89869,4,2015-05-20,mia.thomas3093@company.com
3094,Nate Jackson,HR,Director,131157,0,2013-06-06,nate.jackson3094@company.com
3095,Olivia White,Finance,Coordinator,63111,11,2012-05-10,olivia.white3095@company.com
3096,Paul Harris,Operations,Specialist,45345,20,2016-07-08,paul.harris3096@company.com
3097,Quinn Martin,Legal,Associate,80937,29,2016-06-23,quinn.martin3097@company.com
3098,Rachel Thompson,Support,Lead,60912,10,2010-04-23,rachel.thompson3098@company.com
3099,Sam Young,Design,Intern,39809,13,2010-03-10,sam.young3099@company.com
3100,Tina Allen,Product,Consultant,57630,26,2020-01-16,tina.allen3100@company.com
3101,Alice Smith,Engineering,Engineer,46581,12,2011-02-13,alice.smith3101@company.com
3102,Bob Johnson,Marketing,Manager,41487,25,2015-03-03,bob.johnson3102@company.com
3103,Carol Williams,Sales,Analyst,83717,0,2016-10-24,carol.williams3103@company.com
3104,David Brown,HR,Director,50282,29,2020-05-09,david.brown3104@company.com
3105,Eve Jones,Finance,Coordinator,58645,14,2023-10-14,eve.jones3105@company.com
3106,Frank Garcia,Operations,Specialist,102381,26,2016-07-08,frank.garcia3106@company.com
3107,Grace Miller,Legal,Associate,140629,1,2020-09-14,grace.miller3107@company.com
3108,Hank Davis,Support,Lead,128384,11,2013-04-09,hank.davis3108@company.com
3109,Iris Wilson,Design,Intern,97814,24,2013-01-06,iris.wilson3109@company.com
3110,Jack Moore,Product,Consultant,34780,26,2021-02-11,jack.moore3110@company.com
3111,Karen Taylor,Engineering,Engineer,70526,11,2015-05-16,karen.taylor3111@company.com
3112,Leo Anderson,Marketing,Manager,63735,20,2019-01-04,leo.anderson3112@company.com
3113,Mia Thomas,Sales,Analyst,126935,26,2015-12-06,mia.thomas3113@company.com
3114,Nate Jackson,HR,Director,126447,3,2013-04-22,nate.jackson3114@company.com
3115,Olivia White,Finance,Coordinator,32126,25,2018-02-17,olivia.white3115@company.com
3116,Paul Harris,Operations,Specialist,103448,7,2011-09-19,paul.harris3116@company.com
3117,Quinn Martin,Legal,Associate,141954,5,2023-02-03,quinn.martin3117@company.com
3118,Rachel Thompson,Support,Lead,73202,12,2014-10-17,rachel.thompson3118@company.com
3119,Sam Young,Design,Intern,99237,15,2022-10-20,sam.young3119@company.com
3120,Tina Allen,Product,Consultant,67951,1,2010-11-21,tina.allen3120@company.com
3121,Alice Smith,Engineering,Engineer,33513,9,2017-06-03,alice.smith3121@company.com
3122,Bob Johnson,Marketing,Manager,46208,23,2011-02-12,bob.johnson3122@company.com
3123,Carol Williams,Sales,Analyst,135896,25,2014-02-22,carol.williams3123@company.com
3124,David Brown,HR,Director,87563,27,2011-03-09,david.brown3124@company.com
3125,Eve Jones,Finance,Coordinator,143266,25,2017-11-10,eve.jones3125@company.com
3126,Frank Garcia,Operations,Specialist,60834,26,2022-09-17,frank.garcia3126@company.com
3127,Grace Miller,Legal,Associate,76380,16,2023-12-02,grace.miller3127@company.com
3128,Hank Davis,Support,Lead,105444,1,2015-05-14,hank.davis3128@company.com
3129,Iris Wilson,Design,Intern,36456,29,2013-06-11,iris.wilson3129@company.com
3130,Jack Moore,Product,Consultant,59822,24,2016-11-06,jack.moore3130@company.com
3131,Karen Taylor,Engineering,Engineer,94228,16,2023-11-28,karen.taylor3131@company.com
3132,Leo Anderson,Marketing,Manager,36102,8,2012-11-21,leo.anderson3132@company.com
3133,Mia Thomas,Sales,Analyst,40748,5,2013-03-21,mia.thomas3133@company.com
3134,Nate Jackson,HR,Director,100719,16,2016-11-01,nate.jackson3134@company.com
3135,Olivia White,Finance,Coordinator,57078,3,2021-10-09,olivia.white3135@company.com
3136,Paul Harris,Operations,Specialist,83229,26,2013-05-08,paul.harris3136@company.com
3137,Quinn Martin,Legal,Associate,57436,20,2010-09-04,quinn.martin3137@company.com
3138,Rachel Thompson,Support,Lead,114829,27,2019-03-14,rachel.thompson3138@company.com
3139,Sam Young,Design,Intern,60340,12,2013-04-20,sam.young3139@company.com
3140,Tina Allen,Product,Consultant,56730,29,2022-04-02,tina.allen3140@company.com
3141,Alice Smith,Engineering,Engineer,60108,20,2016-03-14,alice.smith3141@company.com
3142,Bob Johnson,Marketing,Manager,85268,20,2023-12-27,bob.johnson3142@company.com
3143,Carol Williams,Sales,Analyst,72995,7,2016-01-03,carol.williams3143@company.com
3144,David Brown,HR,Director,146518,11,2019-04-24,david.brown3144@company.com
3145,Eve Jones,Finance,Coordinator,91707,24,2018-06-10,eve.jones3145@company.com
3146,Frank Garcia,Operations,Specialist,102441,6,2013-01-07,frank.garcia3146@company.com
3147,Grace Miller,Legal,Associate,97402,15,2010-11-25,grace.miller3147@company.com
3148,Hank Davis,Support,Lead,77339,0,2014-11-14,hank.davis3148@company.com
3149,Iris Wilson,Design,Intern,127329,3,2023-07-21,iris.wilson3149@company.com
3150,Jack Moore,Product,Consultant,115525,17,2016-10-23,jack.moore3150@company.com
3151,Karen Taylor,Engineering,Engineer,76083,6,2010-09-12,karen.taylor3151@company.com
3152,Leo Anderson,Marketing,Manager,128933,2,2020-06-22,leo.anderson3152@company.com
3153,Mia Thomas,Sales,Analyst,124909,25,2018-01-28,mia.thomas3153@company.com
3154,Nate Jackson,HR,Director,85727,19,2018-09-11,nate.jackson3154@company.com
3155,Olivia White,Finance,Coordinator,149873,13,2018-12-28,olivia.white3155@company.com
3156,Paul Harris,Operations,Specialist,33468,0,2023-07-25,paul.harris3156@company.com
3157,Quinn Martin,Legal,Associate,88169,4,2010-06-26,quinn.martin3157@company.com
3158,Rachel Thompson,Support,Lead,128708,5,2014-03-16,rachel.thompson3158@company.com
3159,Sam Young,Design,Intern,48496,11,2012-12-19,sam.young3159@company.com
3160,Tina Allen,Product,Consultant,77869,9,2016-06-13,tina.allen3160@company.com
3161,Alice Smith,Engineering,Engineer,50959,15,2019-12-27,alice.smith3161@company.com
3162,Bob Johnson,Marketing,Manager,101399,29,2010-02-17,bob.johnson3162@company.com
3163,Carol Williams,Sales,Analyst,68241,1,2017-03-26,carol.williams3163@company.com
3164,David Brown,HR,Director,142786,12,2010-08-28,david.brown3164@company.com
3165,Eve Jones,Finance,Coordinator,145850,4,2011-04-14,eve.jones3165@company.com
3166,Frank Garcia,Operations,Specialist,74138,7,2021-01-26,frank.garcia3166@company.com
3167,Grace Miller,Legal,Associate,60766,23,2010-04-05,grace.miller3167@company.com
3168,Hank Davis,Support,Lead,133566,4,2016-09-02,hank.davis3168@company.com
3169,Iris Wilson,Design,Intern,82913,14,2015-01-18,iris.wilson3169@company.com
3170,Jack Moore,Product,Consultant,79559,27,2017-05-05,jack.moore3170@company.com
3171,Karen Taylor,Engineering,Engineer,115897,1,2016-11-26,karen.taylor3171@company.com
3172,Leo Anderson,Marketing,Manager,109618,9,2015-07-22,leo.anderson3172@company.com
3173,Mia Thomas,Sales,Analyst,79923,10,2010-10-17,mia.thomas3173@company.com
3174,Nate Jackson,HR,Director,100738,28,2014-11-22,nate.jackson3174@company.com
3175,Olivia White,Finance,Coordinator,141979,12,2014-08-20,olivia.white3175@company.com
3176,Paul Harris,Operations,Specialist,100533,9,2017-12-22,paul.harris3176@company.com
3177,Quinn Martin,Legal,Associate,73314,4,2016-01-26,quinn.martin3177@company.com
3178,Rachel Thompson,Support,Lead,36006,26,2016-01-05,rachel.thompson3178@company.com
3179,Sam Young,Design,Intern,62802,21,2017-05-19,sam.young3179@company.com
3180,Tina Allen,Product,Consultant,82332,20,2011-10-13,tina.allen3180@company.com
3181,Alice Smith,Engineering,Engineer,46373,25,2021-08-10,alice.smith3181@company.com
3182,Bob Johnson,Marketing,Manager,33749,21,2018-10-22,bob.johnson3182@company.com
3183,Carol Williams,Sales,Analyst,88964,17,2015-05-03,carol.williams3183@company.com
3184,David Brown,HR,Director,116014,26,2023-09-14,david.brown3184@company.com
3185,Eve Jones,Finance,Coordinator,73110,1,2012-10-04,eve.jones3185@company.com
3186,Frank Garcia,Operations,Specialist,107922,25,2019-11-09,frank.garcia3186@company.com
3187,Grace Miller,Legal,Associate,62068,15,2021-08-08,grace.miller3187@company.com
3188,Hank Davis,Support,Lead,138250,5,2014-06-05,hank.davis3188@company.com
3189,Iris Wilson,Design,Intern,127364,2,2019-01-06,iris.wilson3189@company.com
3190,Jack Moore,Product,Consultant,53999,25,2015-05-07,jack.moore3190@company.com
3191,Karen Taylor,Engineering,Engineer,37357,24,2013-03-03,karen.taylor3191@company.com
3192,Leo Anderson,Marketing,Manager,71229,3,2022-01-23,leo.anderson3192@company.com
3193,Mia Thomas,Sales,Analyst,78729,10,2023-09-16,mia.thomas3193@company.com
3194,Nate Jackson,HR,Director,58128,9,2023-08-28,nate.jackson3194@company.com
3195,Olivia White,Finance,Coordinator,71710,13,2023-01-02,olivia.white3195@company.com
3196,Paul Harris,Operations,Specialist,138466,10,2010-12-04,paul.harris3196@company.com
3197,Quinn Martin,Legal,Associate,42979,25,2023-11-21,quinn.martin3197@company.com
3198,Rachel Thompson,Support,Lead,132910,19,2013-12-28,rachel.thompson3198@company.com
3199,Sam Young,Design,Intern,62398,21,2021-04-08,sam.young3199@company.com
3200,Tina Allen,Product,Consultant,44773,20,2012-09-02,tina.allen3200@company.com
3201,Alice Smith,Engineering,Engineer,67454,25,2013-10-05,alice.smith3201@company.com
3202,Bob Johnson,Marketing,Manager,135639,21,2023-12-19,bob.johnson3202@company.com
3203,Carol Williams,Sales,Analyst,145065,0,2023-03-04,carol.williams3203@company.com
3204,David Brown,HR,Director,47968,19,2018-05-14,david.brown3204@company.com
3205,Eve Jones,Finance,Coordinator,71233,27,2014-05-01,eve.jones3205@company.com
3206,Frank Garcia,Operations,Specialist,37253,18,2010-07-23,frank.garcia3206@company.com
3207,Grace Miller,Legal,Associate,115798,19,2018-03-20,grace.miller3207@company.com
3208,Hank Davis,Support,Lead,138775,10,2017-04-18,hank.davis3208@company.com
3209,Iris Wilson,Design,Intern,122044,27,2015-01-20,iris.wilson3209@company.com
3210,Jack Moore,Product,Consultant,131309,6,2023-07-08,jack.moore3210@company.com
3211,Karen Taylor,Engineering,Engineer,121852,16,2012-06-04,karen.taylor3211@company.com
3212,Leo Anderson,Marketing,Manager,38223,27,2017-12-26,leo.anderson3212@company.com
3213,Mia Thomas,Sales,Analyst,130526,4,2020-03-05,mia.thomas3213@company.com
3214,Nate Jackson,HR,Director,95608,23,2010-01-07,nate.jackson3214@company.com
3215,Olivia White,Finance,Coordinator,75733,13,2022-10-04,olivia.white3215@company.com
3216,Paul Harris,Operations,Specialist,63708,25,2012-11-03,paul.harris3216@company.com
3217,Quinn Martin,Legal,Associate,123323,25,2010-10-11,quinn.martin3217@company.com
3218,Rachel Thompson,Support,Lead,57133,19,2015-03-12,rachel.thompson3218@company.com
3219,Sam Young,Design,Intern,124168,23,2012-05-09,sam.young3219@company.com
3220,Tina Allen,Product,Consultant,56067,8,2022-12-15,tina.allen3220@company.com
3221,Alice Smith,Engineering,Engineer,138966,14,2011-10-25,alice.smith3221@company.com
3222,Bob Johnson,Marketing,Manager,84796,5,2019-06-06,bob.johnson3222@company.com
3223,Carol Williams,Sales,Analyst,132338,9,2012-06-08,carol.williams3223@company.com
3224,David Brown,HR,Director,106133,16,2019-07-03,david.brown3224@company.com
3225,Eve Jones,Finance,Coordinator,75802,3,2019-12-13,eve.jones3225@company.com
3226,Frank Garcia,Operations,Specialist,130366,2,2011-05-09,frank.garcia3226@company.com
3227,Grace Miller,Legal,Associate,53388,5,2021-08-08,grace.miller3227@company.com
3228,Hank Davis,Support,Lead,63756,29,2017-03-03,hank.davis3228@company.com
3229,Iris Wilson,Design,Intern,45249,0,2013-03-20,iris.wilson3229@company.com
3230,Jack Moore,Product,Consultant,87962,29,2019-03-22,jack.moore3230@company.com
3231,Karen Taylor,Engineering,Engineer,76623,10,2016-05-22,karen.taylor3231@company.com
3232,Leo Anderson,Marketing,Manager,103564,3,2023-10-01,leo.anderson3232@company.com
3233,Mia Thomas,Sales,Analyst,121346,9,2021-09-07,mia.thomas3233@company.com
3234,Nate Jackson,HR,Director,139142,29,2022-11-11,nate.jackson3234@company.com
3235,Olivia White,Finance,Coordinator,123566,0,2013-01-13,olivia.white3235@company.com
3236,Paul Harris,Operations,Specialist,48688,9,2010-10-01,paul.harris3236@company.com
3237,Quinn Martin,Legal,Associate,64909,5,2021-06-12,quinn.martin3237@company.com
3238,Rachel Thompson,Support,Lead,96055,10,2022-09-14,rachel.thompson3238@company.com
3239,Sam Young,Design,Intern,98114,20,2020-10-09,sam.young3239@company.com
3240,Tina Allen,Product,Consultant,68780,4,2020-08-20,tina.allen3240@company.com
3241,Alice Smith,Engineering,Engineer,127144,2,2021-10-25,alice.smith3241@company.com
3242,Bob Johnson,Marketing,Manager,75889,0,2013-02-05,bob.johnson3242@company.com
3243,Carol Williams,Sales,Analyst,30221,28,2016-04-03,carol.williams3243@company.com
3244,David Brown,HR,Director,123073,17,2021-12-27,david.brown3244@company.com
3245,Eve Jones,Finance,Coordinator,130507,18,2022-03-25,eve.jones3245@company.com
3246,Frank Garcia,Operations,Specialist,41909,22,2010-05-21,frank.garcia3246@company.com
3247,Grace Miller,Legal,Associate,59064,23,2012-10-17,grace.miller3247@company.com
3248,Hank Davis,Support,Lead,45105,11,2015-01-01,hank.davis3248@company.com
3249,Iris Wilson,Design,Intern,47493,9,2021-06-11,iris.wilson3249@company.com
3250,Jack Moore,Product,Consultant,70789,26,2022-02-28,jack.moore3250@company.com
3251,Karen Taylor,Engineering,Engineer,109859,12,2019-05-18,karen.taylor3251@company.com
3252,Leo Anderson,Marketing,Manager,133479,18,2010-06-23,leo.anderson3252@company.com
3253,Mia Thomas,Sales,Analyst,89044,2,2022-03-26,mia.thomas3253@company.com
3254,Nate Jackson,HR,Director,134781,3,2012-01-13,nate.jackson3254@company.com
3255,Olivia White,Finance,Coordinator,62550,11,2013-03-24,olivia.white3255@company.com
3256,Paul Harris,Operations,Specialist,82653,26,2018-06-20,paul.harris3256@company.com
3257,Quinn Martin,Legal,Associate,129876,0,2011-04-16,quinn.martin3257@company.com
3258,Rachel Thompson,Support,Lead,119092,22,2014-07-22,rachel.thompson3258@company.com
3259,Sam Young,Design,Intern,145421,10,2012-09-12,sam.young3259@company.com
3260,Tina Allen,Product,Consultant,54226,21,2023-02-15,tina.allen3260@company.com
3261,Alice Smith,Engineering,Engineer,138684,26,2012-02-19,alice.smith3261@company.com
3262,Bob Johnson,Marketing,Manager,121421,16,2015-12-11,bob.johnson3262@company.com
3263,Carol Williams,Sales,Analyst,106246,22,2017-07-16,carol.williams3263@company.com
3264,David Brown,HR,Director,141680,29,2011-07-01,david.brown3264@company.com
3265,Eve Jones,Finance,Coordinator,110453,5,2016-09-03,eve.jones3265@company.com
3266,Frank Garcia,Operations,Specialist,84186,21,2020-04-27,frank.garcia3266@company.com
3267,Grace Miller,Legal,Associate,67065,14,2015-09-09,grace.miller3267@company.com
3268,Hank Davis,Support,Lead,44825,10,2021-12-06,hank.davis3268@company.com
3269,Iris Wilson,Design,Intern,59217,28,2019-11-22,iris.wilson3269@company.com
3270,Jack Moore,Product,Consultant,121860,1,2013-06-25,jack.moore3270@company.com
3271,Karen Taylor,Engineering,Engineer,123564,20,2010-08-13,karen.taylor3271@company.com
3272,Leo Anderson,Marketing,Manager,44353,29,2020-10-24,leo.anderson3272@company.com
3273,Mia Thomas,Sales,Analyst,118466,17,2018-03-21,mia.thomas3273@company.com
3274,Nate Jackson,HR,Director,43801,4,2020-08-03,nate.jackson3274@company.com
3275,Olivia White,Finance,Coordinator,71486,21,2020-09-24,olivia.white3275@company.com
3276,Paul Harris,Operations,Specialist,30398,13,2017-10-15,paul.harris3276@company.com
3277,Quinn Martin,Legal,Associate,33439,14,2022-03-26,quinn.martin3277@company.com
3278,Rachel Thompson,Support,Lead,45686,6,2019-03-20,rachel.thompson3278@company.com
3279,Sam Young,Design,Intern,44325,12,2023-01-28,sam.young3279@company.com
3280,Tina Allen,Product,Consultant,133089,25,2012-03-06,tina.allen3280@company.com
3281,Alice Smith,Engineering,Engineer,63061,14,2014-12-10,alice.smith3281@company.com
3282,Bob Johnson,Marketing,Manager,61852,8,2014-12-13,bob.johnson3282@company.com
3283,Carol Williams,Sales,Analyst,66250,20,2016-11-25,carol.williams3283@company.com
3284,David Brown,HR,Director,42561,9,2019-11-28,david.brown3284@company.com
3285,Eve Jones,Finance,Coordinator,148780,22,2010-04-16,eve.jones3285@company.com
3286,Frank Garcia,Operations,Specialist,45091,1,2012-12-06,frank.garcia3286@company.com
3287,Grace Miller,Legal,Associate,66439,9,2010-12-25,grace.miller3287@company.com
3288,Hank Davis,Support,Lead,34227,25,2020-01-06,hank.davis3288@company.com
3289,Iris Wilson,Design,Intern,92311,9,2012-05-12,iris.wilson3289@company.com
3290,Jack Moore,Product,Consultant,43895,24,2017-02-26,jack.moore3290@company.com
3291,Karen Taylor,Engineering,Engineer,116238,27,2018-08-22,karen.taylor3291@company.com
3292,Leo Anderson,Marketing,Manager,116636,27,2018-02-10,leo.anderson3292@company.com
3293,Mia Thomas,Sales,Analyst,44808,6,2016-12-26,mia.thomas3293@company.com
3294,Nate Jackson,HR,Director,38633,25,2014-08-02,nate.jackson3294@company.com
3295,Olivia White,Finance,Coordinator,128669,9,2020-08-12,olivia.white3295@company.com
3296,Paul Harris,Operations,Specialist,31727,6,2010-10-06,paul.harris3296@company.com
3297,Quinn Martin,Legal,Associate,50237,29,2022-02-18,quinn.martin3297@company.com
3298,Rachel Thompson,Support,Lead,48701,15,2022-06-25,rachel.thompson3298@company.com
3299,Sam Young,Design,Intern,116072,15,2013-05-22,sam.young3299@company.com
3300,Tina Allen,Product,Consultant,77238,22,2011-09-13,tina.allen3300@company.com
3301,Alice Smith,Engineering,Engineer,96564,8,2010-01-24,alice.smith3301@company.com
3302,Bob Johnson,Marketing,Manager,46751,6,2021-09-25,bob.johnson3302@company.com
3303,Carol Williams,Sales,Analyst,85632,10,2022-10-02,carol.williams3303@company.com
3304,David Brown,HR,Director,134823,5,2021-03-02,david.brown3304@company.com
3305,Eve Jones,Finance,Coordinator,119375,8,2018-09-04,eve.jones3305@company.com
3306,Frank Garcia,Operations,Specialist,71119,25,2017-02-26,frank.garcia3306@company.com
3307,Grace Miller,Legal,Associate,128597,0,2021-12-15,grace.miller3307@company.com
3308,Hank Davis,Support,Lead,92669,23,2023-03-16,hank.davis3308@company.com
3309,Iris Wilson,Design,Intern,101537,16,2022-10-22,iris.wilson3309@company.com
3310,Jack Moore,Product,Consultant,117019,22,2012-07-23,jack.moore3310@company.com
3311,Karen Taylor,Engineering,Engineer,130053,10,2019-09-03,karen.taylor3311@company.com
3312,Leo Anderson,Marketing,Manager,52233,18,2019-03-15,leo.anderson3312@company.com
3313,Mia Thomas,Sales,Analyst,44557,5,2022-07-13,mia.thomas3313@company.com
3314,Nate Jackson,HR,Director,42264,3,2015-07-19,nate.jackson3314@company.com
3315,Olivia White,Finance,Coordinator,93864,7,2020-11-19,olivia.white3315@company.com
3316,Paul Harris,Operations,Specialist,118364,14,2010-10-14,paul.harris3316@company.com
3317,Quinn Martin,Legal,Associate,105103,23,2017-02-21,quinn.martin3317@company.com
3318,Rachel Thompson,Support,Lead,56366,0,2014-06-11,rachel.thompson3318@company.com
3319,Sam Young,Design,Intern,61534,0,2014-05-03,sam.young3319@company.com
3320,Tina Allen,Product,Consultant,91109,25,2014-11-08,tina.allen3320@company.com
3321,Alice Smith,Engineering,Engineer,55678,4,2020-10-03,alice.smith3321@company.com
3322,Bob Johnson,Marketing,Manager,118839,14,2021-02-07,bob.johnson3322@company.com
3323,Carol Williams,Sales,Analyst,93455,16,2010-08-03,carol.williams3323@company.com
3324,David Brown,HR,Director,86497,15,2017-11-12,david.brown3324@company.com
3325,Eve Jones,Finance,Coordinator,86400,2,2011-11-20,eve.jones3325@company.com
3326,Frank Garcia,Operations,Specialist,109129,0,2014-07-03,frank.garcia3326@company.com
3327,Grace Miller,Legal,Associate,111326,22,2020-05-28,grace.miller3327@company.com
3328,Hank Davis,Support,Lead,67165,17,2018-06-12,hank.davis3328@company.com
3329,Iris Wilson,Design,Intern,144131,18,2023-12-27,iris.wilson3329@company.com
3330,Jack Moore,Product,Consultant,50954,13,2023-02-19,jack.moore3330@company.com
3331,Karen Taylor,Engineering,Engineer,48803,8,2015-11-14,karen.taylor3331@company.com
3332,Leo Anderson,Marketing,Manager,112592,5,2011-11-28,leo.anderson3332@company.com
3333,Mia Thomas,Sales,Analyst,130131,26,2012-10-07,mia.thomas3333@company.com
3334,Nate Jackson,HR,Director,128778,23,2015-06-04,nate.jackson3334@company.com
3335,Olivia White,Finance,Coordinator,148221,20,2020-08-15,olivia.white3335@company.com
3336,Paul Harris,Operations,Specialist,54155,9,2017-04-15,paul.harris3336@company.com
3337,Quinn Martin,Legal,Associate,99847,22,2015-06-27,quinn.martin3337@company.com
3338,Rachel Thompson,Support,Lead,123394,23,2016-01-22,rachel.thompson3338@company.com
3339,Sam Young,Design,Intern,122836,0,2015-12-24,sam.young3339@company.com
3340,Tina Allen,Product,Consultant,49627,2,2011-12-20,tina.allen3340@company.com
3341,Alice Smith,Engineering,Engineer,67925,14,2020-05-01,alice.smith3341@company.com
3342,Bob Johnson,Marketing,Manager,101272,21,2010-06-12,bob.johnson3342@company.com
3343,Carol Williams,Sales,Analyst,49893,29,2010-09-10,carol.williams3343@company.com
3344,David Brown,HR,Director,83917,15,2017-09-28,david.brown3344@company.com
3345,Eve Jones,Finance,Coordinator,92296,26,2016-05-19,eve.jones3345@company.com
3346,Frank Garcia,Operations,Specialist,113979,7,2018-03-04,frank.garcia3346@company.com
3347,Grace Miller,Legal,Associate,50624,27,2018-03-14,grace.miller3347@company.com
3348,Hank Davis,Support,Lead,61878,4,2013-02-21,hank.davis3348@company.com
3349,Iris Wilson,Design,Intern,79553,1,2012-01-15,iris.wilson3349@company.com
3350,Jack Moore,Product,Consultant,65482,26,2017-06-11,jack.moore3350@company.com
3351,Karen Taylor,Engineering,Engineer,105148,0,2023-02-23,karen.taylor3351@company.com
3352,Leo Anderson,Marketing,Manager,44751,14,2010-11-09,leo.anderson3352@company.com
3353,Mia Thomas,Sales,Analyst,141296,1,2019-01-27,mia.thomas3353@company.com
3354,Nate Jackson,HR,Director,79856,17,2017-12-27,nate.jackson3354@company.com
3355,Olivia White,Finance,Coordinator,109411,17,2011-09-07,olivia.white3355@company.com
3356,Paul Harris,Operations,Specialist,125640,26,2011-08-13,paul.harris3356@company.com
3357,Quinn Martin,Legal,Associate,142792,9,2020-04-21,quinn.martin3357@company.com
3358,Rachel Thompson,Support,Lead,41350,14,2018-12-13,rachel.thompson3358@company.com
3359,Sam Young,Design,Intern,55703,11,2011-12-04,sam.young3359@company.com
3360,Tina Allen,Product,Consultant,90729,2,2016-10-26,tina.allen3360@company.com
3361,Alice Smith,Engineering,Engineer,101178,28,2019-03-15,alice.smith3361@company.com
3362,Bob Johnson,Marketing,Manager,58643,24,2016-11-11,bob.johnson3362@company.com
3363,Carol Williams,Sales,Analyst,86029,0,2014-11-14,carol.williams3363@company.com
3364,David Brown,HR,Director,115993,24,2016-09-17,david.brown3364@company.com
3365,Eve Jones,Finance,Coordinator,58570,6,2011-07-10,eve.jones3365@company.com
3366,Frank Garcia,Operations,Specialist,60892,16,2022-01-07,frank.garcia3366@company.com
3367,Grace Miller,Legal,Associate,116582,10,2014-09-18,grace.miller3367@company.com
3368,Hank Davis,Support,Lead,60278,15,2022-02-08,hank.davis3368@company.com
3369,Iris Wilson,Design,Intern,119058,24,2022-12-17,iris.wilson3369@company.com
3370,Jack Moore,Product,Consultant,51608,24,2016-11-04,jack.moore3370@company.com
3371,Karen Taylor,Engineering,Engineer,69353,3,2021-01-04,karen.taylor3371@company.com
3372,Leo Anderson,Marketing,Manager,118068,9,2013-01-11,leo.anderson3372@company.com
3373,Mia Thomas,Sales,Analyst,117817,12,2022-07-21,mia.thomas3373@company.com
3374,Nate Jackson,HR,Director,75800,9,2021-12-19,nate.jackson3374@company.com
3375,Olivia White,Finance,Coordinator,141283,4,2012-03-18,olivia.white3375@company.com
3376,Paul Harris,Operations,Specialist,78009,19,2016-06-13,paul.harris3376@company.com
3377,Quinn Martin,Legal,Associate,86723,24,2019-05-12,quinn.martin3377@company.com
3378,Rachel Thompson,Support,Lead,125653,10,2010-02-03,rachel.thompson3378@company.com
3379,Sam Young,Design,Intern,84440,26,2017-06-21,sam.young3379@company.com
3380,Tina Allen,Product,Consultant,36874,6,2011-02-05,tina.allen3380@company.com
3381,Alice Smith,Engineering,Engineer,80061,17,2017-07-07,alice.smith3381@company.com
3382,Bob Johnson,Marketing,Manager,76088,3,2011-02-01,bob.johnson3382@company.com
3383,Carol Williams,Sales,Analyst,36694,27,2012-06-13,carol.williams3383@company.com
3384,David Brown,HR,Director,99497,26,2019-08-12,david.brown3384@company.com
3385,Eve Jones,Finance,Coordinator,129768,9,2010-07-22,eve.jones3385@company.com
3386,Frank Garcia,Operations,Specialist,127726,0,2023-07-10,frank.garcia3386@company.com
3387,Grace Miller,Legal,Associate,46297,15,2020-07-14,grace.miller3387@company.com
3388,Hank Davis,Support,Lead,112558,9,2020-04-09,hank.davis3388@company.com
3389,Iris Wilson,Design,Intern,75744,22,2017-06-27,iris.wilson3389@company.com
3390,Jack Moore,Product,Consultant,48704,25,2016-02-21,jack.moore3390@company.com
3391,Karen Taylor,Engineering,Engineer,48304,15,2014-06-10,karen.taylor3391@company.com
3392,Leo Anderson,Marketing,Manager,32768,18,2021-12-15,leo.anderson3392@company.com
3393,Mia Thomas,Sales,Analyst,39916,9,2010-10-07,mia.thomas3393@company.com
3394,Nate Jackson,HR,Director,75424,6,2021-04-01,nate.jackson3394@company.com
3395,Olivia White,Finance,Coordinator,143896,26,2020-05-06,olivia.white3395@company.com
3396,Paul Harris,Operations,Specialist,115481,18,2013-11-08,paul.harris3396@company.com
3397,Quinn Martin,Legal,Associate,83252,10,2012-03-07,quinn.martin3397@company.com
3398,Rachel Thompson,Support,Lead,34079,24,2015-01-01,rachel.thompson3398@company.com
3399,Sam Young,Design,Intern,99877,3,2020-09-28,sam.young3399@company.com
3400,Tina Allen,Product,Consultant,107438,24,2014-06-03,tina.allen3400@company.com
3401,Alice Smith,Engineering,Engineer,61435,25,2019-09-11,alice.smith3401@company.com
3402,Bob Johnson,Marketing,Manager,31797,5,2012-06-21,bob.johnson3402@company.com
3403,Carol Williams,Sales,Analyst,59216,6,2020-03-20,carol.williams3403@company.com
3404,David Brown,HR,Director,43216,18,2015-02-19,david.brown3404@company.com
3405,Eve Jones,Finance,Coordinator,71401,24,2020-08-26,eve.jones3405@company.com
3406,Frank Garcia,Operations,Specialist,47294,9,2022-06-07,frank.garcia3406@company.com
3407,Grace Miller,Legal,Associate,89868,29,2014-11-01,grace.miller3407@company.com
3408,Hank Davis,Support,Lead,35731,23,2019-03-01,hank.davis3408@company.com
3409,Iris Wilson,Design,Intern,110911,8,2012-08-03,iris.wilson3409@company.com
3410,Jack Moore,Product,Consultant,128780,24,2014-01-22,jack.moore3410@company.com
3411,Karen Taylor,Engineering,Engineer,77556,8,2015-11-22,karen.taylor3411@company.com
3412,Leo Anderson,Marketing,Manager,51948,13,2012-12-04,leo.anderson3412@company.com
3413,Mia Thomas,Sales,Analyst,133307,22,2010-12-05,mia.thomas3413@company.com
3414,Nate Jackson,HR,Director,80337,14,2019-06-24,nate.jackson3414@company.com
3415,Olivia White,Finance,Coordinator,49523,29,2022-03-18,olivia.white3415@company.com
3416,Paul Harris,Operations,Specialist,129984,28,2010-08-15,paul.harris3416@company.com
3417,Quinn Martin,Legal,Associate,85852,23,2015-09-09,quinn.martin3417@company.com
3418,Rachel Thompson,Support,Lead,58502,25,2018-07-03,rachel.thompson3418@company.com
3419,Sam Young,Design,Intern,120067,4,2016-04-13,sam.young3419@company.com
3420,Tina Allen,Product,Consultant,30458,17,2023-07-23,tina.allen3420@company.com
3421,Alice Smith,Engineering,Engineer,102890,9,2014-11-17,alice.smith3421@company.com
3422,Bob Johnson,Marketing,Manager,94962,24,2011-04-12,bob.johnson3422@company.com
3423,Carol Williams,Sales,Analyst,63415,10,2012-09-23,carol.williams3423@company.com
3424,David Brown,HR,Director,137086,14,2018-07-16,david.brown3424@company.com
3425,Eve Jones,Finance,Coordinator,96076,2,2015-01-25,eve.jones3425@company.com
3426,Frank Garcia,Operations,Specialist,68740,3,2010-04-11,frank.garcia3426@company.com
3427,Grace Miller,Legal,Associate,92453,8,2020-06-22,grace.miller3427@company.com
3428,Hank Davis,Support,Lead,50725,15,2014-09-02,hank.davis3428@company.com
3429,Iris Wilson,Design,Intern,110459,0,2022-09-15,iris.wilson3429@company.com
3430,Jack Moore,Product,Consultant,62354,16,2012-12-10,jack.moore3430@company.com
3431,Karen Taylor,Engineering,Engineer,54391,27,2012-03-15,karen.taylor3431@company.com
3432,Leo Anderson,Marketing,Manager,77936,7,2014-03-06,leo.anderson3432@company.com
3433,Mia Thomas,Sales,Analyst,108252,24,2013-04-01,mia.thomas3433@company.com
3434,Nate Jackson,HR,Director,74731,25,2021-08-21,nate.jackson3434@company.com
3435,Olivia White,Finance,Coordinator,124069,3,2022-09-11,olivia.white3435@company.com
3436,Paul Harris,Operations,Specialist,149647,24,2013-06-04,paul.harris3436@company.com
3437,Quinn Martin,Legal,Associate,89211,4,2017-03-15,quinn.martin3437@company.com
3438,Rachel Thompson,Support,Lead,133834,18,2017-05-02,rachel.thompson3438@company.com
3439,Sam Young,Design,Intern,97053,1,2023-10-16,sam.young3439@company.com
3440,Tina Allen,Product,Consultant,140307,19,2020-11-05,tina.allen3440@company.com
3441,Alice Smith,Engineering,Engineer,40341,18,2016-11-08,alice.smith3441@company.com
3442,Bob Johnson,Marketing,Manager,136408,10,2020-01-16,bob.johnson3442@company.com
3443,Carol Williams,Sales,Analyst,109640,1,2022-12-19,carol.williams3443@company.com
3444,David Brown,HR,Director,144113,3,2017-04-11,david.brown3444@company.com
3445,Eve Jones,Finance,Coordinator,48605,11,2013-04-24,eve.jones3445@company.com
3446,Frank Garcia,Operations,Specialist,115412,28,2015-03-04,frank.garcia3446@company.com
3447,Grace Miller,Legal,Associate,78383,10,2010-08-09,grace.miller3447@company.com
3448,Hank Davis,Support,Lead,124437,20,2015-12-13,hank.davis3448@company.com
3449,Iris Wilson,Design,Intern,106607,17,2013-03-20,iris.wilson3449@company.com
3450,Jack Moore,Product,Consultant,102898,14,2013-07-19,jack.moore3450@company.com
3451,Karen Taylor,Engineering,Engineer,144334,24,2014-05-03,karen.taylor3451@company.com
3452,Leo Anderson,Marketing,Manager,139716,5,2023-04-18,leo.anderson3452@company.com
3453,Mia Thomas,Sales,Analyst,37872,1,2019-06-24,mia.thomas3453@company.com
3454,Nate Jackson,HR,Director,79224,11,2017-04-06,nate.jackson3454@company.com
3455,Olivia White,Finance,Coordinator,66277,26,2020-02-03,olivia.white3455@company.com
3456,Paul Harris,Operations,Specialist,94668,2,2021-11-07,paul.harris3456@company.com
3457,Quinn Martin,Legal,Associate,53806,8,2020-09-09,quinn.martin3457@company.com
3458,Rachel Thompson,Support,Lead,81278,29,2018-06-10,rachel.thompson3458@company.com
3459,Sam Young,Design,Intern,38449,27,2014-12-16,sam.young3459@company.com
3460,Tina Allen,Product,Consultant,55443,28,2018-07-20,tina.allen3460@company.com
3461,Alice Smith,Engineering,Engineer,126609,3,2020-05-28,alice.smith3461@company.com
3462,Bob Johnson,Marketing,Manager,141173,26,2019-10-16,bob.johnson3462@company.com
3463,Carol Williams,Sales,Analyst,137402,24,2022-04-26,carol.williams3463@company.com
3464,David Brown,HR,Director,120542,26,2013-03-14,david.brown3464@company.com
3465,Eve Jones,Finance,Coordinator,99302,28,2014-03-12,eve.jones3465@company.com
3466,Frank Garcia,Operations,Specialist,122234,13,2013-03-20,frank.garcia3466@company.com
3467,Grace Miller,Legal,Associate,113847,13,2018-04-26,grace.miller3467@company.com
3468,Hank Davis,Support,Lead,42100,3,2018-01-13,hank.davis3468@company.com
3469,Iris Wilson,Design,Intern,143522,0,2023-02-18,iris.wilson3469@company.com
3470,Jack Moore,Product,Consultant,63070,3,2016-09-04,jack.moore3470@company.com
3471,Karen Taylor,Engineering,Engineer,61099,12,2012-05-20,karen.taylor3471@company.com
3472,Leo Anderson,Marketing,Manager,124995,4,2021-08-14,leo.anderson3472@company.com
3473,Mia Thomas,Sales,Analyst,133532,15,2015-02-09,mia.thomas3473@company.com
3474,Nate Jackson,HR,Director,54128,20,2018-12-18,nate.jackson3474@company.com
3475,Olivia White,Finance,Coordinator,96025,13,2011-02-21,olivia.white3475@company.com
3476,Paul Harris,Operations,Specialist,81482,25,2020-08-22,paul.harris3476@company.com
3477,Quinn Martin,Legal,Associate,88053,7,2012-06-15,quinn.martin3477@company.com
3478,Rachel Thompson,Support,Lead,51349,20,2011-12-11,rachel.thompson3478@company.com
3479,Sam Young,Design,Intern,44164,21,2017-08-02,sam.young3479@company.com
3480,Tina Allen,Product,Consultant,66824,21,2022-04-26,tina.allen3480@company.com
